y se le pone con la cifra delante, porque el día que en el valle se lea esa cifra alguien va a decir que es mucho	y se le pone con el precio a la vista, porque el día que en el valle se lea lo que se cobra alguien va a decir que es mucho
Yo no sé de molinos ni de precios y a mí esa cifra no me importa.	Yo no sé de molinos ni de cuentas y a mí eso no me importa.
y el segundo no es una cifra: es un método	y el segundo no es un precio: es una manera de ponerlo
como se escribe la merma	como se escribe lo que se pierde por el camino
cuando haya que escribir la cifra	cuando haya que escribir el precio
escribió durante un minuto largo sin decir nada: el peso, después el precio de cada kilo, después el total, y después una línea más pequeña debajo	escribió durante un minuto largo sin decir nada: lo que pesan los sacos, después lo que vale cada parte, después el total, y después una línea más pequeña debajo
El precio por kilo, que es el mismo que esta casa paga desde noviembre	El precio, que es el mismo que esta casa paga desde noviembre
Si yo firmo ese número	Si yo firmo eso
Hoy se ha escrito la cifra que llevaba tres semanas en el aire	Hoy se ha escrito el precio que llevaba tres semanas en el aire
No es una tragedia: es una merma, y las mermas se escriben.	No es una tragedia: es lo que se pierde por el camino, y lo que se pierde se escribe.
